"goal","dimension","region_id","score"
"AO","future",0,75.57
"AO","future",1,75.57
"AO","future",2,75.57
"AO","future",3,75.57
"AO","future",4,75.57
"AO","future",5,75.57
"AO","future",6,75.57
"AO","future",7,75.57
"AO","future",8,75.57
"AO","future",9,75.57
"AO","future",10,75.57
"AO","future",11,75.57
"AO","future",12,75.57
"AO","future",13,75.57
"AO","future",14,75.57
"AO","future",15,75.57
"AO","future",16,75.57
"AO","future",17,75.57
"AO","future",18,75.57
"AO","future",19,75.57
"AO","pressures",1,35.64
"AO","pressures",2,35.64
"AO","pressures",3,35.64
"AO","pressures",4,35.64
"AO","pressures",5,35.64
"AO","pressures",6,35.64
"AO","pressures",7,35.64
"AO","pressures",8,35.64
"AO","pressures",9,35.64
"AO","pressures",10,35.64
"AO","pressures",11,35.64
"AO","pressures",12,35.64
"AO","pressures",13,35.64
"AO","pressures",14,35.64
"AO","pressures",15,35.64
"AO","pressures",16,35.64
"AO","pressures",17,35.64
"AO","pressures",18,35.64
"AO","pressures",19,35.64
"AO","resilience",1,58.08
"AO","resilience",2,58.08
"AO","resilience",3,58.08
"AO","resilience",4,58.08
"AO","resilience",5,58.08
"AO","resilience",6,58.08
"AO","resilience",7,58.08
"AO","resilience",8,58.08
"AO","resilience",9,58.08
"AO","resilience",10,58.08
"AO","resilience",11,58.08
"AO","resilience",12,58.08
"AO","resilience",13,58.08
"AO","resilience",14,58.08
"AO","resilience",15,58.08
"AO","resilience",16,58.08
"AO","resilience",17,58.08
"AO","resilience",18,58.08
"AO","resilience",19,58.08
"AO","score",0,72.75
"AO","score",1,72.75
"AO","score",2,72.75
"AO","score",3,72.75
"AO","score",4,72.75
"AO","score",5,72.75
"AO","score",6,72.75
"AO","score",7,72.75
"AO","score",8,72.75
"AO","score",9,72.75
"AO","score",10,72.75
"AO","score",11,72.75
"AO","score",12,72.75
"AO","score",13,72.75
"AO","score",14,72.75
"AO","score",15,72.75
"AO","score",16,72.75
"AO","score",17,72.75
"AO","score",18,72.75
"AO","score",19,72.75
"AO","status",0,69.94
"AO","status",1,69.94
"AO","status",2,69.94
"AO","status",3,69.94
"AO","status",4,69.94
"AO","status",5,69.94
"AO","status",6,69.94
"AO","status",7,69.94
"AO","status",8,69.94
"AO","status",9,69.94
"AO","status",10,69.94
"AO","status",11,69.94
"AO","status",12,69.94
"AO","status",13,69.94
"AO","status",14,69.94
"AO","status",15,69.94
"AO","status",16,69.94
"AO","status",17,69.94
"AO","status",18,69.94
"AO","status",19,69.94
"AO","trend",1,0.01
"AO","trend",2,0.01
"AO","trend",3,0.01
"AO","trend",4,0.01
"AO","trend",5,0.01
"AO","trend",6,0.01
"AO","trend",7,0.01
"AO","trend",8,0.01
"AO","trend",9,0.01
"AO","trend",10,0.01
"AO","trend",11,0.01
"AO","trend",12,0.01
"AO","trend",13,0.01
"AO","trend",14,0.01
"AO","trend",15,0.01
"AO","trend",16,0.01
"AO","trend",17,0.01
"AO","trend",18,0.01
"AO","trend",19,0.01
"BD","future",0,93.39
"BD","future",1,93.39
"BD","future",2,93.39
"BD","future",3,93.39
"BD","future",4,93.39
"BD","future",5,93.39
"BD","future",6,93.39
"BD","future",7,93.39
"BD","future",8,93.39
"BD","future",9,93.39
"BD","future",10,93.39
"BD","future",11,93.39
"BD","future",12,93.39
"BD","future",13,93.39
"BD","future",14,93.39
"BD","future",15,93.39
"BD","future",16,93.39
"BD","future",17,93.39
"BD","future",18,93.39
"BD","future",19,93.39
"BD","pressures",1,
"BD","pressures",2,
"BD","pressures",3,
"BD","pressures",4,
"BD","pressures",5,
"BD","pressures",6,
"BD","pressures",7,
"BD","pressures",8,
"BD","pressures",9,
"BD","pressures",10,
"BD","pressures",11,
"BD","pressures",12,
"BD","pressures",13,
"BD","pressures",14,
"BD","pressures",15,
"BD","pressures",16,
"BD","pressures",17,
"BD","pressures",18,
"BD","pressures",19,
"BD","resilience",1,
"BD","resilience",2,
"BD","resilience",3,
"BD","resilience",4,
"BD","resilience",5,
"BD","resilience",6,
"BD","resilience",7,
"BD","resilience",8,
"BD","resilience",9,
"BD","resilience",10,
"BD","resilience",11,
"BD","resilience",12,
"BD","resilience",13,
"BD","resilience",14,
"BD","resilience",15,
"BD","resilience",16,
"BD","resilience",17,
"BD","resilience",18,
"BD","resilience",19,
"BD","score",0,92.86
"BD","score",1,92.86
"BD","score",2,92.86
"BD","score",3,92.86
"BD","score",4,92.86
"BD","score",5,92.86
"BD","score",6,92.86
"BD","score",7,92.86
"BD","score",8,92.86
"BD","score",9,92.86
"BD","score",10,92.86
"BD","score",11,92.86
"BD","score",12,92.86
"BD","score",13,92.86
"BD","score",14,92.86
"BD","score",15,92.86
"BD","score",16,92.86
"BD","score",17,92.86
"BD","score",18,92.86
"BD","score",19,92.86
"BD","status",0,92.33
"BD","status",1,92.33
"BD","status",2,92.33
"BD","status",3,92.33
"BD","status",4,92.33
"BD","status",5,92.33
"BD","status",6,92.33
"BD","status",7,92.33
"BD","status",8,92.33
"BD","status",9,92.33
"BD","status",10,92.33
"BD","status",11,92.33
"BD","status",12,92.33
"BD","status",13,92.33
"BD","status",14,92.33
"BD","status",15,92.33
"BD","status",16,92.33
"BD","status",17,92.33
"BD","status",18,92.33
"BD","status",19,92.33
"BD","trend",1,-0.02
"BD","trend",2,-0.02
"BD","trend",3,-0.02
"BD","trend",4,-0.02
"BD","trend",5,-0.02
"BD","trend",6,-0.02
"BD","trend",7,-0.02
"BD","trend",8,-0.02
"BD","trend",9,-0.02
"BD","trend",10,-0.02
"BD","trend",11,-0.02
"BD","trend",12,-0.02
"BD","trend",13,-0.02
"BD","trend",14,-0.02
"BD","trend",15,-0.02
"BD","trend",16,-0.02
"BD","trend",17,-0.02
"BD","trend",18,-0.02
"BD","trend",19,-0.02
"CP","future",0,72.94
"CP","future",1,72.94
"CP","future",2,72.94
"CP","future",3,72.94
"CP","future",4,72.94
"CP","future",5,72.94
"CP","future",6,72.94
"CP","future",7,72.94
"CP","future",8,72.94
"CP","future",9,72.94
"CP","future",10,72.94
"CP","future",11,72.94
"CP","future",12,72.94
"CP","future",13,72.94
"CP","future",14,72.94
"CP","future",15,72.94
"CP","future",16,72.94
"CP","future",17,72.94
"CP","future",18,72.94
"CP","future",19,72.94
"CP","pressures",1,41.05
"CP","pressures",2,41.05
"CP","pressures",3,41.05
"CP","pressures",4,41.05
"CP","pressures",5,41.05
"CP","pressures",6,41.05
"CP","pressures",7,41.05
"CP","pressures",8,41.05
"CP","pressures",9,41.05
"CP","pressures",10,41.05
"CP","pressures",11,41.05
"CP","pressures",12,41.05
"CP","pressures",13,41.05
"CP","pressures",14,41.05
"CP","pressures",15,41.05
"CP","pressures",16,41.05
"CP","pressures",17,41.05
"CP","pressures",18,41.05
"CP","pressures",19,41.05
"CP","resilience",1,59.98
"CP","resilience",2,59.98
"CP","resilience",3,59.98
"CP","resilience",4,59.98
"CP","resilience",5,59.98
"CP","resilience",6,59.98
"CP","resilience",7,59.98
"CP","resilience",8,59.98
"CP","resilience",9,59.98
"CP","resilience",10,59.98
"CP","resilience",11,59.98
"CP","resilience",12,59.98
"CP","resilience",13,59.98
"CP","resilience",14,59.98
"CP","resilience",15,59.98
"CP","resilience",16,59.98
"CP","resilience",17,59.98
"CP","resilience",18,59.98
"CP","resilience",19,59.98
"CP","score",0,70.84
"CP","score",1,70.84
"CP","score",2,70.84
"CP","score",3,70.84
"CP","score",4,70.84
"CP","score",5,70.84
"CP","score",6,70.84
"CP","score",7,70.84
"CP","score",8,70.84
"CP","score",9,70.84
"CP","score",10,70.84
"CP","score",11,70.84
"CP","score",12,70.84
"CP","score",13,70.84
"CP","score",14,70.84
"CP","score",15,70.84
"CP","score",16,70.84
"CP","score",17,70.84
"CP","score",18,70.84
"CP","score",19,70.84
"CP","status",0,68.75
"CP","status",1,68.75
"CP","status",2,68.75
"CP","status",3,68.75
"CP","status",4,68.75
"CP","status",5,68.75
"CP","status",6,68.75
"CP","status",7,68.75
"CP","status",8,68.75
"CP","status",9,68.75
"CP","status",10,68.75
"CP","status",11,68.75
"CP","status",12,68.75
"CP","status",13,68.75
"CP","status",14,68.75
"CP","status",15,68.75
"CP","status",16,68.75
"CP","status",17,68.75
"CP","status",18,68.75
"CP","status",19,68.75
"CP","trend",1,0
"CP","trend",2,0
"CP","trend",3,0
"CP","trend",4,0
"CP","trend",5,0
"CP","trend",6,0
"CP","trend",7,0
"CP","trend",8,0
"CP","trend",9,0
"CP","trend",10,0
"CP","trend",11,0
"CP","trend",12,0
"CP","trend",13,0
"CP","trend",14,0
"CP","trend",15,0
"CP","trend",16,0
"CP","trend",17,0
"CP","trend",18,0
"CP","trend",19,0
"CS","future",0,
"CS","future",1,
"CS","future",2,
"CS","future",3,
"CS","future",4,
"CS","future",5,
"CS","future",6,
"CS","future",7,
"CS","future",8,
"CS","future",9,
"CS","future",10,
"CS","future",11,
"CS","future",12,
"CS","future",13,
"CS","future",14,
"CS","future",15,
"CS","future",16,
"CS","future",17,
"CS","future",18,
"CS","future",19,
"CS","pressures",1,
"CS","pressures",2,
"CS","pressures",3,
"CS","pressures",4,
"CS","pressures",5,
"CS","pressures",6,
"CS","pressures",7,
"CS","pressures",8,
"CS","pressures",9,
"CS","pressures",10,
"CS","pressures",11,
"CS","pressures",12,
"CS","pressures",13,
"CS","pressures",14,
"CS","pressures",15,
"CS","pressures",16,
"CS","pressures",17,
"CS","pressures",18,
"CS","pressures",19,
"CS","resilience",1,59.98
"CS","resilience",2,59.98
"CS","resilience",3,59.98
"CS","resilience",4,59.98
"CS","resilience",5,59.98
"CS","resilience",6,59.98
"CS","resilience",7,59.98
"CS","resilience",8,59.98
"CS","resilience",9,59.98
"CS","resilience",10,59.98
"CS","resilience",11,59.98
"CS","resilience",12,59.98
"CS","resilience",13,59.98
"CS","resilience",14,59.98
"CS","resilience",15,59.98
"CS","resilience",16,59.98
"CS","resilience",17,59.98
"CS","resilience",18,59.98
"CS","resilience",19,59.98
"CS","score",0,
"CS","score",1,
"CS","score",2,
"CS","score",3,
"CS","score",4,
"CS","score",5,
"CS","score",6,
"CS","score",7,
"CS","score",8,
"CS","score",9,
"CS","score",10,
"CS","score",11,
"CS","score",12,
"CS","score",13,
"CS","score",14,
"CS","score",15,
"CS","score",16,
"CS","score",17,
"CS","score",18,
"CS","score",19,
"CS","status",0,100
"CS","status",1,100
"CS","status",2,100
"CS","status",3,100
"CS","status",4,100
"CS","status",5,100
"CS","status",6,100
"CS","status",7,100
"CS","status",8,100
"CS","status",9,100
"CS","status",10,100
"CS","status",11,100
"CS","status",12,100
"CS","status",13,100
"CS","status",14,100
"CS","status",15,100
"CS","status",16,100
"CS","status",17,100
"CS","status",18,100
"CS","status",19,100
"CS","trend",1,
"CS","trend",2,
"CS","trend",3,
"CS","trend",4,
"CS","trend",5,
"CS","trend",6,
"CS","trend",7,
"CS","trend",8,
"CS","trend",9,
"CS","trend",10,
"CS","trend",11,
"CS","trend",12,
"CS","trend",13,
"CS","trend",14,
"CS","trend",15,
"CS","trend",16,
"CS","trend",17,
"CS","trend",18,
"CS","trend",19,
"CW","future",0,83.2
"CW","future",1,83.2
"CW","future",2,83.2
"CW","future",3,83.2
"CW","future",4,83.2
"CW","future",5,83.2
"CW","future",6,83.2
"CW","future",7,83.2
"CW","future",8,83.2
"CW","future",9,83.2
"CW","future",10,83.2
"CW","future",11,83.2
"CW","future",12,83.2
"CW","future",13,83.2
"CW","future",14,83.2
"CW","future",15,83.2
"CW","future",16,83.2
"CW","future",17,83.2
"CW","future",18,83.2
"CW","future",19,83.2
"CW","pressures",1,68.93
"CW","pressures",2,68.93
"CW","pressures",3,68.93
"CW","pressures",4,68.93
"CW","pressures",5,68.93
"CW","pressures",6,68.93
"CW","pressures",7,68.93
"CW","pressures",8,68.93
"CW","pressures",9,68.93
"CW","pressures",10,68.93
"CW","pressures",11,68.93
"CW","pressures",12,68.93
"CW","pressures",13,68.93
"CW","pressures",14,68.93
"CW","pressures",15,68.93
"CW","pressures",16,68.93
"CW","pressures",17,68.93
"CW","pressures",18,68.93
"CW","pressures",19,68.93
"CW","resilience",1,67.66
"CW","resilience",2,67.66
"CW","resilience",3,67.66
"CW","resilience",4,67.66
"CW","resilience",5,67.66
"CW","resilience",6,67.66
"CW","resilience",7,67.66
"CW","resilience",8,67.66
"CW","resilience",9,67.66
"CW","resilience",10,67.66
"CW","resilience",11,67.66
"CW","resilience",12,67.66
"CW","resilience",13,67.66
"CW","resilience",14,67.66
"CW","resilience",15,67.66
"CW","resilience",16,67.66
"CW","resilience",17,67.66
"CW","resilience",18,67.66
"CW","resilience",19,67.66
"CW","score",0,80.79
"CW","score",1,80.79
"CW","score",2,80.79
"CW","score",3,80.79
"CW","score",4,80.79
"CW","score",5,80.79
"CW","score",6,80.79
"CW","score",7,80.79
"CW","score",8,80.79
"CW","score",9,80.79
"CW","score",10,80.79
"CW","score",11,80.79
"CW","score",12,80.79
"CW","score",13,80.79
"CW","score",14,80.79
"CW","score",15,80.79
"CW","score",16,80.79
"CW","score",17,80.79
"CW","score",18,80.79
"CW","score",19,80.79
"CW","status",0,78.38
"CW","status",1,78.38
"CW","status",2,78.38
"CW","status",3,78.38
"CW","status",4,78.38
"CW","status",5,78.38
"CW","status",6,78.38
"CW","status",7,78.38
"CW","status",8,78.38
"CW","status",9,78.38
"CW","status",10,78.38
"CW","status",11,78.38
"CW","status",12,78.38
"CW","status",13,78.38
"CW","status",14,78.38
"CW","status",15,78.38
"CW","status",16,78.38
"CW","status",17,78.38
"CW","status",18,78.38
"CW","status",19,78.38
"CW","trend",1,0.1
"CW","trend",2,0.1
"CW","trend",3,0.1
"CW","trend",4,0.1
"CW","trend",5,0.1
"CW","trend",6,0.1
"CW","trend",7,0.1
"CW","trend",8,0.1
"CW","trend",9,0.1
"CW","trend",10,0.1
"CW","trend",11,0.1
"CW","trend",12,0.1
"CW","trend",13,0.1
"CW","trend",14,0.1
"CW","trend",15,0.1
"CW","trend",16,0.1
"CW","trend",17,0.1
"CW","trend",18,0.1
"CW","trend",19,0.1
"ECO","future",0,100
"ECO","future",1,100
"ECO","future",2,100
"ECO","future",3,100
"ECO","future",4,100
"ECO","future",5,100
"ECO","future",6,100
"ECO","future",7,100
"ECO","future",8,100
"ECO","future",9,100
"ECO","future",10,100
"ECO","future",11,100
"ECO","future",12,100
"ECO","future",13,100
"ECO","future",14,100
"ECO","future",15,100
"ECO","future",16,100
"ECO","future",17,100
"ECO","future",18,100
"ECO","future",19,100
"ECO","pressures",1,36.95
"ECO","pressures",2,36.95
"ECO","pressures",3,36.95
"ECO","pressures",4,36.95
"ECO","pressures",5,36.95
"ECO","pressures",6,36.95
"ECO","pressures",7,36.95
"ECO","pressures",8,36.95
"ECO","pressures",9,36.95
"ECO","pressures",10,36.95
"ECO","pressures",11,36.95
"ECO","pressures",12,36.95
"ECO","pressures",13,36.95
"ECO","pressures",14,36.95
"ECO","pressures",15,36.95
"ECO","pressures",16,36.95
"ECO","pressures",17,36.95
"ECO","pressures",18,36.95
"ECO","pressures",19,36.95
"ECO","resilience",1,48.02
"ECO","resilience",2,48.02
"ECO","resilience",3,48.02
"ECO","resilience",4,48.02
"ECO","resilience",5,48.02
"ECO","resilience",6,48.02
"ECO","resilience",7,48.02
"ECO","resilience",8,48.02
"ECO","resilience",9,48.02
"ECO","resilience",10,48.02
"ECO","resilience",11,48.02
"ECO","resilience",12,48.02
"ECO","resilience",13,48.02
"ECO","resilience",14,48.02
"ECO","resilience",15,48.02
"ECO","resilience",16,48.02
"ECO","resilience",17,48.02
"ECO","resilience",18,48.02
"ECO","resilience",19,48.02
"ECO","score",0,100
"ECO","score",1,100
"ECO","score",2,100
"ECO","score",3,100
"ECO","score",4,100
"ECO","score",5,100
"ECO","score",6,100
"ECO","score",7,100
"ECO","score",8,100
"ECO","score",9,100
"ECO","score",10,100
"ECO","score",11,100
"ECO","score",12,100
"ECO","score",13,100
"ECO","score",14,100
"ECO","score",15,100
"ECO","score",16,100
"ECO","score",17,100
"ECO","score",18,100
"ECO","score",19,100
"ECO","status",0,100
"ECO","status",1,100
"ECO","status",2,100
"ECO","status",3,100
"ECO","status",4,100
"ECO","status",5,100
"ECO","status",6,100
"ECO","status",7,100
"ECO","status",8,100
"ECO","status",9,100
"ECO","status",10,100
"ECO","status",11,100
"ECO","status",12,100
"ECO","status",13,100
"ECO","status",14,100
"ECO","status",15,100
"ECO","status",16,100
"ECO","status",17,100
"ECO","status",18,100
"ECO","status",19,100
"ECO","trend",1,-0.02
"ECO","trend",2,-0.02
"ECO","trend",3,-0.02
"ECO","trend",4,-0.02
"ECO","trend",5,-0.02
"ECO","trend",6,-0.02
"ECO","trend",7,-0.02
"ECO","trend",8,-0.02
"ECO","trend",9,-0.02
"ECO","trend",10,-0.02
"ECO","trend",11,-0.02
"ECO","trend",12,-0.02
"ECO","trend",13,-0.02
"ECO","trend",14,-0.02
"ECO","trend",15,-0.02
"ECO","trend",16,-0.02
"ECO","trend",17,-0.02
"ECO","trend",18,-0.02
"ECO","trend",19,-0.02
"FIS","future",0,32.62
"FIS","future",1,32.62
"FIS","future",2,32.62
"FIS","future",3,32.62
"FIS","future",4,32.62
"FIS","future",5,32.62
"FIS","future",6,32.62
"FIS","future",7,32.62
"FIS","future",8,32.62
"FIS","future",9,32.62
"FIS","future",10,32.62
"FIS","future",11,32.62
"FIS","future",12,32.62
"FIS","future",13,32.62
"FIS","future",14,32.62
"FIS","future",15,32.62
"FIS","future",16,32.62
"FIS","future",17,32.62
"FIS","future",18,32.62
"FIS","future",19,32.62
"FIS","pressures",1,36.66
"FIS","pressures",2,36.66
"FIS","pressures",3,36.66
"FIS","pressures",4,36.66
"FIS","pressures",5,36.66
"FIS","pressures",6,36.66
"FIS","pressures",7,36.66
"FIS","pressures",8,36.66
"FIS","pressures",9,36.66
"FIS","pressures",10,36.66
"FIS","pressures",11,36.66
"FIS","pressures",12,36.66
"FIS","pressures",13,36.66
"FIS","pressures",14,36.66
"FIS","pressures",15,36.66
"FIS","pressures",16,36.66
"FIS","pressures",17,36.66
"FIS","pressures",18,36.66
"FIS","pressures",19,36.66
"FIS","resilience",1,57.04
"FIS","resilience",2,57.04
"FIS","resilience",3,57.04
"FIS","resilience",4,57.04
"FIS","resilience",5,57.04
"FIS","resilience",6,57.04
"FIS","resilience",7,57.04
"FIS","resilience",8,57.04
"FIS","resilience",9,57.04
"FIS","resilience",10,57.04
"FIS","resilience",11,57.04
"FIS","resilience",12,57.04
"FIS","resilience",13,57.04
"FIS","resilience",14,57.04
"FIS","resilience",15,57.04
"FIS","resilience",16,57.04
"FIS","resilience",17,57.04
"FIS","resilience",18,57.04
"FIS","resilience",19,57.04
"FIS","score",0,31.31
"FIS","score",1,31.31
"FIS","score",2,31.31
"FIS","score",3,31.31
"FIS","score",4,31.31
"FIS","score",5,31.31
"FIS","score",6,31.31
"FIS","score",7,31.31
"FIS","score",8,31.31
"FIS","score",9,31.31
"FIS","score",10,31.31
"FIS","score",11,31.31
"FIS","score",12,31.31
"FIS","score",13,31.31
"FIS","score",14,31.31
"FIS","score",15,31.31
"FIS","score",16,31.31
"FIS","score",17,31.31
"FIS","score",18,31.31
"FIS","score",19,31.31
"FIS","status",0,30
"FIS","status",1,30
"FIS","status",2,30
"FIS","status",3,30
"FIS","status",4,30
"FIS","status",5,30
"FIS","status",6,30
"FIS","status",7,30
"FIS","status",8,30
"FIS","status",9,30
"FIS","status",10,30
"FIS","status",11,30
"FIS","status",12,30
"FIS","status",13,30
"FIS","status",14,30
"FIS","status",15,30
"FIS","status",16,30
"FIS","status",17,30
"FIS","status",18,30
"FIS","status",19,30
"FIS","trend",1,0.03
"FIS","trend",2,0.03
"FIS","trend",3,0.03
"FIS","trend",4,0.03
"FIS","trend",5,0.03
"FIS","trend",6,0.03
"FIS","trend",7,0.03
"FIS","trend",8,0.03
"FIS","trend",9,0.03
"FIS","trend",10,0.03
"FIS","trend",11,0.03
"FIS","trend",12,0.03
"FIS","trend",13,0.03
"FIS","trend",14,0.03
"FIS","trend",15,0.03
"FIS","trend",16,0.03
"FIS","trend",17,0.03
"FIS","trend",18,0.03
"FIS","trend",19,0.03
"FP","future",0,32.73
"FP","future",1,32.73
"FP","future",2,32.73
"FP","future",3,32.73
"FP","future",4,32.73
"FP","future",5,32.73
"FP","future",6,32.73
"FP","future",7,32.73
"FP","future",8,32.73
"FP","future",9,32.73
"FP","future",10,32.73
"FP","future",11,32.73
"FP","future",12,32.73
"FP","future",13,32.73
"FP","future",14,32.73
"FP","future",15,32.73
"FP","future",16,32.73
"FP","future",17,32.73
"FP","future",18,32.73
"FP","future",19,32.73
"FP","pressures",1,
"FP","pressures",2,
"FP","pressures",3,
"FP","pressures",4,
"FP","pressures",5,
"FP","pressures",6,
"FP","pressures",7,
"FP","pressures",8,
"FP","pressures",9,
"FP","pressures",10,
"FP","pressures",11,
"FP","pressures",12,
"FP","pressures",13,
"FP","pressures",14,
"FP","pressures",15,
"FP","pressures",16,
"FP","pressures",17,
"FP","pressures",18,
"FP","pressures",19,
"FP","resilience",1,
"FP","resilience",2,
"FP","resilience",3,
"FP","resilience",4,
"FP","resilience",5,
"FP","resilience",6,
"FP","resilience",7,
"FP","resilience",8,
"FP","resilience",9,
"FP","resilience",10,
"FP","resilience",11,
"FP","resilience",12,
"FP","resilience",13,
"FP","resilience",14,
"FP","resilience",15,
"FP","resilience",16,
"FP","resilience",17,
"FP","resilience",18,
"FP","resilience",19,
"FP","score",0,31.42
"FP","score",1,31.42
"FP","score",2,31.42
"FP","score",3,31.42
"FP","score",4,31.42
"FP","score",5,31.42
"FP","score",6,31.42
"FP","score",7,31.42
"FP","score",8,31.42
"FP","score",9,31.42
"FP","score",10,31.42
"FP","score",11,31.42
"FP","score",12,31.42
"FP","score",13,31.42
"FP","score",14,31.42
"FP","score",15,31.42
"FP","score",16,31.42
"FP","score",17,31.42
"FP","score",18,31.42
"FP","score",19,31.42
"FP","status",0,30.11
"FP","status",1,30.11
"FP","status",2,30.11
"FP","status",3,30.11
"FP","status",4,30.11
"FP","status",5,30.11
"FP","status",6,30.11
"FP","status",7,30.11
"FP","status",8,30.11
"FP","status",9,30.11
"FP","status",10,30.11
"FP","status",11,30.11
"FP","status",12,30.11
"FP","status",13,30.11
"FP","status",14,30.11
"FP","status",15,30.11
"FP","status",16,30.11
"FP","status",17,30.11
"FP","status",18,30.11
"FP","status",19,30.11
"FP","trend",1,0.03
"FP","trend",2,0.03
"FP","trend",3,0.03
"FP","trend",4,0.03
"FP","trend",5,0.03
"FP","trend",6,0.03
"FP","trend",7,0.03
"FP","trend",8,0.03
"FP","trend",9,0.03
"FP","trend",10,0.03
"FP","trend",11,0.03
"FP","trend",12,0.03
"FP","trend",13,0.03
"FP","trend",14,0.03
"FP","trend",15,0.03
"FP","trend",16,0.03
"FP","trend",17,0.03
"FP","trend",18,0.03
"FP","trend",19,0.03
"HAB","future",0,100
"HAB","future",1,100
"HAB","future",2,100
"HAB","future",3,100
"HAB","future",4,100
"HAB","future",5,100
"HAB","future",6,100
"HAB","future",7,100
"HAB","future",8,100
"HAB","future",9,100
"HAB","future",10,100
"HAB","future",11,100
"HAB","future",12,100
"HAB","future",13,100
"HAB","future",14,100
"HAB","future",15,100
"HAB","future",16,100
"HAB","future",17,100
"HAB","future",18,100
"HAB","future",19,100
"HAB","pressures",1,35.28
"HAB","pressures",2,35.28
"HAB","pressures",3,35.28
"HAB","pressures",4,35.28
"HAB","pressures",5,35.28
"HAB","pressures",6,35.28
"HAB","pressures",7,35.28
"HAB","pressures",8,35.28
"HAB","pressures",9,35.28
"HAB","pressures",10,35.28
"HAB","pressures",11,35.28
"HAB","pressures",12,35.28
"HAB","pressures",13,35.28
"HAB","pressures",14,35.28
"HAB","pressures",15,35.28
"HAB","pressures",16,35.28
"HAB","pressures",17,35.28
"HAB","pressures",18,35.28
"HAB","pressures",19,35.28
"HAB","resilience",1,56.97
"HAB","resilience",2,56.97
"HAB","resilience",3,56.97
"HAB","resilience",4,56.97
"HAB","resilience",5,56.97
"HAB","resilience",6,56.97
"HAB","resilience",7,56.97
"HAB","resilience",8,56.97
"HAB","resilience",9,56.97
"HAB","resilience",10,56.97
"HAB","resilience",11,56.97
"HAB","resilience",12,56.97
"HAB","resilience",13,56.97
"HAB","resilience",14,56.97
"HAB","resilience",15,56.97
"HAB","resilience",16,56.97
"HAB","resilience",17,56.97
"HAB","resilience",18,56.97
"HAB","resilience",19,56.97
"HAB","score",0,99.9
"HAB","score",1,99.9
"HAB","score",2,99.9
"HAB","score",3,99.9
"HAB","score",4,99.9
"HAB","score",5,99.9
"HAB","score",6,99.9
"HAB","score",7,99.9
"HAB","score",8,99.9
"HAB","score",9,99.9
"HAB","score",10,99.9
"HAB","score",11,99.9
"HAB","score",12,99.9
"HAB","score",13,99.9
"HAB","score",14,99.9
"HAB","score",15,99.9
"HAB","score",16,99.9
"HAB","score",17,99.9
"HAB","score",18,99.9
"HAB","score",19,99.9
"HAB","status",0,99.81
"HAB","status",1,99.81
"HAB","status",2,99.81
"HAB","status",3,99.81
"HAB","status",4,99.81
"HAB","status",5,99.81
"HAB","status",6,99.81
"HAB","status",7,99.81
"HAB","status",8,99.81
"HAB","status",9,99.81
"HAB","status",10,99.81
"HAB","status",11,99.81
"HAB","status",12,99.81
"HAB","status",13,99.81
"HAB","status",14,99.81
"HAB","status",15,99.81
"HAB","status",16,99.81
"HAB","status",17,99.81
"HAB","status",18,99.81
"HAB","status",19,99.81
"HAB","trend",1,0
"HAB","trend",2,0
"HAB","trend",3,0
"HAB","trend",4,0
"HAB","trend",5,0
"HAB","trend",6,0
"HAB","trend",7,0
"HAB","trend",8,0
"HAB","trend",9,0
"HAB","trend",10,0
"HAB","trend",11,0
"HAB","trend",12,0
"HAB","trend",13,0
"HAB","trend",14,0
"HAB","trend",15,0
"HAB","trend",16,0
"HAB","trend",17,0
"HAB","trend",18,0
"HAB","trend",19,0
"ICO","future",0,74.61
"ICO","future",1,74.61
"ICO","future",2,74.61
"ICO","future",3,74.61
"ICO","future",4,74.61
"ICO","future",5,74.61
"ICO","future",6,74.61
"ICO","future",7,74.61
"ICO","future",8,74.61
"ICO","future",9,74.61
"ICO","future",10,74.61
"ICO","future",11,74.61
"ICO","future",12,74.61
"ICO","future",13,74.61
"ICO","future",14,74.61
"ICO","future",15,74.61
"ICO","future",16,74.61
"ICO","future",17,74.61
"ICO","future",18,74.61
"ICO","future",19,74.61
"ICO","pressures",1,39.38
"ICO","pressures",2,39.38
"ICO","pressures",3,39.38
"ICO","pressures",4,39.38
"ICO","pressures",5,39.38
"ICO","pressures",6,39.38
"ICO","pressures",7,39.38
"ICO","pressures",8,39.38
"ICO","pressures",9,39.38
"ICO","pressures",10,39.38
"ICO","pressures",11,39.38
"ICO","pressures",12,39.38
"ICO","pressures",13,39.38
"ICO","pressures",14,39.38
"ICO","pressures",15,39.38
"ICO","pressures",16,39.38
"ICO","pressures",17,39.38
"ICO","pressures",18,39.38
"ICO","pressures",19,39.38
"ICO","resilience",1,59.32
"ICO","resilience",2,59.32
"ICO","resilience",3,59.32
"ICO","resilience",4,59.32
"ICO","resilience",5,59.32
"ICO","resilience",6,59.32
"ICO","resilience",7,59.32
"ICO","resilience",8,59.32
"ICO","resilience",9,59.32
"ICO","resilience",10,59.32
"ICO","resilience",11,59.32
"ICO","resilience",12,59.32
"ICO","resilience",13,59.32
"ICO","resilience",14,59.32
"ICO","resilience",15,59.32
"ICO","resilience",16,59.32
"ICO","resilience",17,59.32
"ICO","resilience",18,59.32
"ICO","resilience",19,59.32
"ICO","score",0,72.3
"ICO","score",1,72.3
"ICO","score",2,72.3
"ICO","score",3,72.3
"ICO","score",4,72.3
"ICO","score",5,72.3
"ICO","score",6,72.3
"ICO","score",7,72.3
"ICO","score",8,72.3
"ICO","score",9,72.3
"ICO","score",10,72.3
"ICO","score",11,72.3
"ICO","score",12,72.3
"ICO","score",13,72.3
"ICO","score",14,72.3
"ICO","score",15,72.3
"ICO","score",16,72.3
"ICO","score",17,72.3
"ICO","score",18,72.3
"ICO","score",19,72.3
"ICO","status",0,70
"ICO","status",1,70
"ICO","status",2,70
"ICO","status",3,70
"ICO","status",4,70
"ICO","status",5,70
"ICO","status",6,70
"ICO","status",7,70
"ICO","status",8,70
"ICO","status",9,70
"ICO","status",10,70
"ICO","status",11,70
"ICO","status",12,70
"ICO","status",13,70
"ICO","status",14,70
"ICO","status",15,70
"ICO","status",16,70
"ICO","status",17,70
"ICO","status",18,70
"ICO","status",19,70
"ICO","trend",1,0
"ICO","trend",2,0
"ICO","trend",3,0
"ICO","trend",4,0
"ICO","trend",5,0
"ICO","trend",6,0
"ICO","trend",7,0
"ICO","trend",8,0
"ICO","trend",9,0
"ICO","trend",10,0
"ICO","trend",11,0
"ICO","trend",12,0
"ICO","trend",13,0
"ICO","trend",14,0
"ICO","trend",15,0
"ICO","trend",16,0
"ICO","trend",17,0
"ICO","trend",18,0
"ICO","trend",19,0
"Index","future",0,71.82
"Index","future",1,71.82
"Index","future",2,71.82
"Index","future",3,71.82
"Index","future",4,71.82
"Index","future",5,71.82
"Index","future",6,71.82
"Index","future",7,71.82
"Index","future",8,71.82
"Index","future",9,71.82
"Index","future",10,71.82
"Index","future",11,71.82
"Index","future",12,71.82
"Index","future",13,71.82
"Index","future",14,71.82
"Index","future",15,71.82
"Index","future",16,71.82
"Index","future",17,71.82
"Index","future",18,71.82
"Index","future",19,71.82
"Index","score",0,70.51
"Index","score",1,70.51
"Index","score",2,70.51
"Index","score",3,70.51
"Index","score",4,70.51
"Index","score",5,70.51
"Index","score",6,70.51
"Index","score",7,70.51
"Index","score",8,70.51
"Index","score",9,70.51
"Index","score",10,70.51
"Index","score",11,70.51
"Index","score",12,70.51
"Index","score",13,70.51
"Index","score",14,70.51
"Index","score",15,70.51
"Index","score",16,70.51
"Index","score",17,70.51
"Index","score",18,70.51
"Index","score",19,70.51
"LE","future",0,100
"LE","future",1,100
"LE","future",2,100
"LE","future",3,100
"LE","future",4,100
"LE","future",5,100
"LE","future",6,100
"LE","future",7,100
"LE","future",8,100
"LE","future",9,100
"LE","future",10,100
"LE","future",11,100
"LE","future",12,100
"LE","future",13,100
"LE","future",14,100
"LE","future",15,100
"LE","future",16,100
"LE","future",17,100
"LE","future",18,100
"LE","future",19,100
"LE","pressures",1,
"LE","pressures",2,
"LE","pressures",3,
"LE","pressures",4,
"LE","pressures",5,
"LE","pressures",6,
"LE","pressures",7,
"LE","pressures",8,
"LE","pressures",9,
"LE","pressures",10,
"LE","pressures",11,
"LE","pressures",12,
"LE","pressures",13,
"LE","pressures",14,
"LE","pressures",15,
"LE","pressures",16,
"LE","pressures",17,
"LE","pressures",18,
"LE","pressures",19,
"LE","resilience",1,
"LE","resilience",2,
"LE","resilience",3,
"LE","resilience",4,
"LE","resilience",5,
"LE","resilience",6,
"LE","resilience",7,
"LE","resilience",8,
"LE","resilience",9,
"LE","resilience",10,
"LE","resilience",11,
"LE","resilience",12,
"LE","resilience",13,
"LE","resilience",14,
"LE","resilience",15,
"LE","resilience",16,
"LE","resilience",17,
"LE","resilience",18,
"LE","resilience",19,
"LE","score",0,100
"LE","score",1,100
"LE","score",2,100
"LE","score",3,100
"LE","score",4,100
"LE","score",5,100
"LE","score",6,100
"LE","score",7,100
"LE","score",8,100
"LE","score",9,100
"LE","score",10,100
"LE","score",11,100
"LE","score",12,100
"LE","score",13,100
"LE","score",14,100
"LE","score",15,100
"LE","score",16,100
"LE","score",17,100
"LE","score",18,100
"LE","score",19,100
"LE","status",0,100
"LE","status",1,100
"LE","status",2,100
"LE","status",3,100
"LE","status",4,100
"LE","status",5,100
"LE","status",6,100
"LE","status",7,100
"LE","status",8,100
"LE","status",9,100
"LE","status",10,100
"LE","status",11,100
"LE","status",12,100
"LE","status",13,100
"LE","status",14,100
"LE","status",15,100
"LE","status",16,100
"LE","status",17,100
"LE","status",18,100
"LE","status",19,100
"LE","trend",1,0.36
"LE","trend",2,0.36
"LE","trend",3,0.36
"LE","trend",4,0.36
"LE","trend",5,0.36
"LE","trend",6,0.36
"LE","trend",7,0.36
"LE","trend",8,0.36
"LE","trend",9,0.36
"LE","trend",10,0.36
"LE","trend",11,0.36
"LE","trend",12,0.36
"LE","trend",13,0.36
"LE","trend",14,0.36
"LE","trend",15,0.36
"LE","trend",16,0.36
"LE","trend",17,0.36
"LE","trend",18,0.36
"LE","trend",19,0.36
"LIV","future",0,100
"LIV","future",1,100
"LIV","future",2,100
"LIV","future",3,100
"LIV","future",4,100
"LIV","future",5,100
"LIV","future",6,100
"LIV","future",7,100
"LIV","future",8,100
"LIV","future",9,100
"LIV","future",10,100
"LIV","future",11,100
"LIV","future",12,100
"LIV","future",13,100
"LIV","future",14,100
"LIV","future",15,100
"LIV","future",16,100
"LIV","future",17,100
"LIV","future",18,100
"LIV","future",19,100
"LIV","pressures",1,37.1
"LIV","pressures",2,37.1
"LIV","pressures",3,37.1
"LIV","pressures",4,37.1
"LIV","pressures",5,37.1
"LIV","pressures",6,37.1
"LIV","pressures",7,37.1
"LIV","pressures",8,37.1
"LIV","pressures",9,37.1
"LIV","pressures",10,37.1
"LIV","pressures",11,37.1
"LIV","pressures",12,37.1
"LIV","pressures",13,37.1
"LIV","pressures",14,37.1
"LIV","pressures",15,37.1
"LIV","pressures",16,37.1
"LIV","pressures",17,37.1
"LIV","pressures",18,37.1
"LIV","pressures",19,37.1
"LIV","resilience",1,45.43
"LIV","resilience",2,45.43
"LIV","resilience",3,45.43
"LIV","resilience",4,45.43
"LIV","resilience",5,45.43
"LIV","resilience",6,45.43
"LIV","resilience",7,45.43
"LIV","resilience",8,45.43
"LIV","resilience",9,45.43
"LIV","resilience",10,45.43
"LIV","resilience",11,45.43
"LIV","resilience",12,45.43
"LIV","resilience",13,45.43
"LIV","resilience",14,45.43
"LIV","resilience",15,45.43
"LIV","resilience",16,45.43
"LIV","resilience",17,45.43
"LIV","resilience",18,45.43
"LIV","resilience",19,45.43
"LIV","score",0,100
"LIV","score",1,100
"LIV","score",2,100
"LIV","score",3,100
"LIV","score",4,100
"LIV","score",5,100
"LIV","score",6,100
"LIV","score",7,100
"LIV","score",8,100
"LIV","score",9,100
"LIV","score",10,100
"LIV","score",11,100
"LIV","score",12,100
"LIV","score",13,100
"LIV","score",14,100
"LIV","score",15,100
"LIV","score",16,100
"LIV","score",17,100
"LIV","score",18,100
"LIV","score",19,100
"LIV","status",0,100
"LIV","status",1,100
"LIV","status",2,100
"LIV","status",3,100
"LIV","status",4,100
"LIV","status",5,100
"LIV","status",6,100
"LIV","status",7,100
"LIV","status",8,100
"LIV","status",9,100
"LIV","status",10,100
"LIV","status",11,100
"LIV","status",12,100
"LIV","status",13,100
"LIV","status",14,100
"LIV","status",15,100
"LIV","status",16,100
"LIV","status",17,100
"LIV","status",18,100
"LIV","status",19,100
"LIV","trend",1,0.75
"LIV","trend",2,0.75
"LIV","trend",3,0.75
"LIV","trend",4,0.75
"LIV","trend",5,0.75
"LIV","trend",6,0.75
"LIV","trend",7,0.75
"LIV","trend",8,0.75
"LIV","trend",9,0.75
"LIV","trend",10,0.75
"LIV","trend",11,0.75
"LIV","trend",12,0.75
"LIV","trend",13,0.75
"LIV","trend",14,0.75
"LIV","trend",15,0.75
"LIV","trend",16,0.75
"LIV","trend",17,0.75
"LIV","trend",18,0.75
"LIV","trend",19,0.75
"LSP","future",0,95.95
"LSP","future",1,95.95
"LSP","future",2,95.95
"LSP","future",3,95.95
"LSP","future",4,95.95
"LSP","future",5,95.95
"LSP","future",6,95.95
"LSP","future",7,95.95
"LSP","future",8,95.95
"LSP","future",9,95.95
"LSP","future",10,95.95
"LSP","future",11,95.95
"LSP","future",12,95.95
"LSP","future",13,95.95
"LSP","future",14,95.95
"LSP","future",15,95.95
"LSP","future",16,95.95
"LSP","future",17,95.95
"LSP","future",18,95.95
"LSP","future",19,95.95
"LSP","pressures",1,44.65
"LSP","pressures",2,44.65
"LSP","pressures",3,44.65
"LSP","pressures",4,44.65
"LSP","pressures",5,44.65
"LSP","pressures",6,44.65
"LSP","pressures",7,44.65
"LSP","pressures",8,44.65
"LSP","pressures",9,44.65
"LSP","pressures",10,44.65
"LSP","pressures",11,44.65
"LSP","pressures",12,44.65
"LSP","pressures",13,44.65
"LSP","pressures",14,44.65
"LSP","pressures",15,44.65
"LSP","pressures",16,44.65
"LSP","pressures",17,44.65
"LSP","pressures",18,44.65
"LSP","pressures",19,44.65
"LSP","resilience",1,60.84
"LSP","resilience",2,60.84
"LSP","resilience",3,60.84
"LSP","resilience",4,60.84
"LSP","resilience",5,60.84
"LSP","resilience",6,60.84
"LSP","resilience",7,60.84
"LSP","resilience",8,60.84
"LSP","resilience",9,60.84
"LSP","resilience",10,60.84
"LSP","resilience",11,60.84
"LSP","resilience",12,60.84
"LSP","resilience",13,60.84
"LSP","resilience",14,60.84
"LSP","resilience",15,60.84
"LSP","resilience",16,60.84
"LSP","resilience",17,60.84
"LSP","resilience",18,60.84
"LSP","resilience",19,60.84
"LSP","score",0,93.28
"LSP","score",1,93.28
"LSP","score",2,93.28
"LSP","score",3,93.28
"LSP","score",4,93.28
"LSP","score",5,93.28
"LSP","score",6,93.28
"LSP","score",7,93.28
"LSP","score",8,93.28
"LSP","score",9,93.28
"LSP","score",10,93.28
"LSP","score",11,93.28
"LSP","score",12,93.28
"LSP","score",13,93.28
"LSP","score",14,93.28
"LSP","score",15,93.28
"LSP","score",16,93.28
"LSP","score",17,93.28
"LSP","score",18,93.28
"LSP","score",19,93.28
"LSP","status",0,90.61
"LSP","status",1,90.61
"LSP","status",2,90.61
"LSP","status",3,90.61
"LSP","status",4,90.61
"LSP","status",5,90.61
"LSP","status",6,90.61
"LSP","status",7,90.61
"LSP","status",8,90.61
"LSP","status",9,90.61
"LSP","status",10,90.61
"LSP","status",11,90.61
"LSP","status",12,90.61
"LSP","status",13,90.61
"LSP","status",14,90.61
"LSP","status",15,90.61
"LSP","status",16,90.61
"LSP","status",17,90.61
"LSP","status",18,90.61
"LSP","status",19,90.61
"LSP","trend",1,0.01
"LSP","trend",2,0.01
"LSP","trend",3,0.01
"LSP","trend",4,0.01
"LSP","trend",5,0.01
"LSP","trend",6,0.01
"LSP","trend",7,0.01
"LSP","trend",8,0.01
"LSP","trend",9,0.01
"LSP","trend",10,0.01
"LSP","trend",11,0.01
"LSP","trend",12,0.01
"LSP","trend",13,0.01
"LSP","trend",14,0.01
"LSP","trend",15,0.01
"LSP","trend",16,0.01
"LSP","trend",17,0.01
"LSP","trend",18,0.01
"LSP","trend",19,0.01
"MAR","future",0,100
"MAR","future",1,100
"MAR","future",2,100
"MAR","future",3,100
"MAR","future",4,100
"MAR","future",5,100
"MAR","future",6,100
"MAR","future",7,100
"MAR","future",8,100
"MAR","future",9,100
"MAR","future",10,100
"MAR","future",11,100
"MAR","future",12,100
"MAR","future",13,100
"MAR","future",14,100
"MAR","future",15,100
"MAR","future",16,100
"MAR","future",17,100
"MAR","future",18,100
"MAR","future",19,100
"MAR","pressures",1,33.74
"MAR","pressures",2,33.74
"MAR","pressures",3,33.74
"MAR","pressures",4,33.74
"MAR","pressures",5,33.74
"MAR","pressures",6,33.74
"MAR","pressures",7,33.74
"MAR","pressures",8,33.74
"MAR","pressures",9,33.74
"MAR","pressures",10,33.74
"MAR","pressures",11,33.74
"MAR","pressures",12,33.74
"MAR","pressures",13,33.74
"MAR","pressures",14,33.74
"MAR","pressures",15,33.74
"MAR","pressures",16,33.74
"MAR","pressures",17,33.74
"MAR","pressures",18,33.74
"MAR","pressures",19,33.74
"MAR","resilience",1,49.64
"MAR","resilience",2,49.64
"MAR","resilience",3,49.64
"MAR","resilience",4,49.64
"MAR","resilience",5,49.64
"MAR","resilience",6,49.64
"MAR","resilience",7,49.64
"MAR","resilience",8,49.64
"MAR","resilience",9,49.64
"MAR","resilience",10,49.64
"MAR","resilience",11,49.64
"MAR","resilience",12,49.64
"MAR","resilience",13,49.64
"MAR","resilience",14,49.64
"MAR","resilience",15,49.64
"MAR","resilience",16,49.64
"MAR","resilience",17,49.64
"MAR","resilience",18,49.64
"MAR","resilience",19,49.64
"MAR","score",0,100
"MAR","score",1,100
"MAR","score",2,100
"MAR","score",3,100
"MAR","score",4,100
"MAR","score",5,100
"MAR","score",6,100
"MAR","score",7,100
"MAR","score",8,100
"MAR","score",9,100
"MAR","score",10,100
"MAR","score",11,100
"MAR","score",12,100
"MAR","score",13,100
"MAR","score",14,100
"MAR","score",15,100
"MAR","score",16,100
"MAR","score",17,100
"MAR","score",18,100
"MAR","score",19,100
"MAR","status",0,100
"MAR","status",1,100
"MAR","status",2,100
"MAR","status",3,100
"MAR","status",4,100
"MAR","status",5,100
"MAR","status",6,100
"MAR","status",7,100
"MAR","status",8,100
"MAR","status",9,100
"MAR","status",10,100
"MAR","status",11,100
"MAR","status",12,100
"MAR","status",13,100
"MAR","status",14,100
"MAR","status",15,100
"MAR","status",16,100
"MAR","status",17,100
"MAR","status",18,100
"MAR","status",19,100
"MAR","trend",1,0.72
"MAR","trend",2,0.72
"MAR","trend",3,0.72
"MAR","trend",4,0.72
"MAR","trend",5,0.72
"MAR","trend",6,0.72
"MAR","trend",7,0.72
"MAR","trend",8,0.72
"MAR","trend",9,0.72
"MAR","trend",10,0.72
"MAR","trend",11,0.72
"MAR","trend",12,0.72
"MAR","trend",13,0.72
"MAR","trend",14,0.72
"MAR","trend",15,0.72
"MAR","trend",16,0.72
"MAR","trend",17,0.72
"MAR","trend",18,0.72
"MAR","trend",19,0.72
"NP","future",0,3.31
"NP","future",1,3.31
"NP","future",2,3.31
"NP","future",3,3.31
"NP","future",4,3.31
"NP","future",5,3.31
"NP","future",6,3.31
"NP","future",7,3.31
"NP","future",8,3.31
"NP","future",9,3.31
"NP","future",10,3.31
"NP","future",11,3.31
"NP","future",12,3.31
"NP","future",13,3.31
"NP","future",14,3.31
"NP","future",15,3.31
"NP","future",16,3.31
"NP","future",17,3.31
"NP","future",18,3.31
"NP","future",19,3.31
"NP","pressures",1,33.56
"NP","pressures",2,33.56
"NP","pressures",3,33.56
"NP","pressures",4,33.56
"NP","pressures",5,33.56
"NP","pressures",6,33.56
"NP","pressures",7,33.56
"NP","pressures",8,33.56
"NP","pressures",9,33.56
"NP","pressures",10,33.56
"NP","pressures",11,33.56
"NP","pressures",12,33.56
"NP","pressures",13,33.56
"NP","pressures",14,33.56
"NP","pressures",15,33.56
"NP","pressures",16,33.56
"NP","pressures",17,33.56
"NP","pressures",18,33.56
"NP","pressures",19,33.56
"NP","resilience",1,60.64
"NP","resilience",2,60.64
"NP","resilience",3,60.64
"NP","resilience",4,60.64
"NP","resilience",5,60.64
"NP","resilience",6,60.64
"NP","resilience",7,60.64
"NP","resilience",8,60.64
"NP","resilience",9,60.64
"NP","resilience",10,60.64
"NP","resilience",11,60.64
"NP","resilience",12,60.64
"NP","resilience",13,60.64
"NP","resilience",14,60.64
"NP","resilience",15,60.64
"NP","resilience",16,60.64
"NP","resilience",17,60.64
"NP","resilience",18,60.64
"NP","resilience",19,60.64
"NP","score",0,3.18
"NP","score",1,3.18
"NP","score",2,3.18
"NP","score",3,3.18
"NP","score",4,3.18
"NP","score",5,3.18
"NP","score",6,3.18
"NP","score",7,3.18
"NP","score",8,3.18
"NP","score",9,3.18
"NP","score",10,3.18
"NP","score",11,3.18
"NP","score",12,3.18
"NP","score",13,3.18
"NP","score",14,3.18
"NP","score",15,3.18
"NP","score",16,3.18
"NP","score",17,3.18
"NP","score",18,3.18
"NP","score",19,3.18
"NP","status",0,3.04
"NP","status",1,3.04
"NP","status",2,3.04
"NP","status",3,3.04
"NP","status",4,3.04
"NP","status",5,3.04
"NP","status",6,3.04
"NP","status",7,3.04
"NP","status",8,3.04
"NP","status",9,3.04
"NP","status",10,3.04
"NP","status",11,3.04
"NP","status",12,3.04
"NP","status",13,3.04
"NP","status",14,3.04
"NP","status",15,3.04
"NP","status",16,3.04
"NP","status",17,3.04
"NP","status",18,3.04
"NP","status",19,3.04
"NP","trend",1,0
"NP","trend",2,0
"NP","trend",3,0
"NP","trend",4,0
"NP","trend",5,0
"NP","trend",6,0
"NP","trend",7,0
"NP","trend",8,0
"NP","trend",9,0
"NP","trend",10,0
"NP","trend",11,0
"NP","trend",12,0
"NP","trend",13,0
"NP","trend",14,0
"NP","trend",15,0
"NP","trend",16,0
"NP","trend",17,0
"NP","trend",18,0
"NP","trend",19,0
"SP","future",0,85.28
"SP","future",1,85.28
"SP","future",2,85.28
"SP","future",3,85.28
"SP","future",4,85.28
"SP","future",5,85.28
"SP","future",6,85.28
"SP","future",7,85.28
"SP","future",8,85.28
"SP","future",9,85.28
"SP","future",10,85.28
"SP","future",11,85.28
"SP","future",12,85.28
"SP","future",13,85.28
"SP","future",14,85.28
"SP","future",15,85.28
"SP","future",16,85.28
"SP","future",17,85.28
"SP","future",18,85.28
"SP","future",19,85.28
"SP","pressures",1,
"SP","pressures",2,
"SP","pressures",3,
"SP","pressures",4,
"SP","pressures",5,
"SP","pressures",6,
"SP","pressures",7,
"SP","pressures",8,
"SP","pressures",9,
"SP","pressures",10,
"SP","pressures",11,
"SP","pressures",12,
"SP","pressures",13,
"SP","pressures",14,
"SP","pressures",15,
"SP","pressures",16,
"SP","pressures",17,
"SP","pressures",18,
"SP","pressures",19,
"SP","resilience",1,
"SP","resilience",2,
"SP","resilience",3,
"SP","resilience",4,
"SP","resilience",5,
"SP","resilience",6,
"SP","resilience",7,
"SP","resilience",8,
"SP","resilience",9,
"SP","resilience",10,
"SP","resilience",11,
"SP","resilience",12,
"SP","resilience",13,
"SP","resilience",14,
"SP","resilience",15,
"SP","resilience",16,
"SP","resilience",17,
"SP","resilience",18,
"SP","resilience",19,
"SP","score",0,82.79
"SP","score",1,82.79
"SP","score",2,82.79
"SP","score",3,82.79
"SP","score",4,82.79
"SP","score",5,82.79
"SP","score",6,82.79
"SP","score",7,82.79
"SP","score",8,82.79
"SP","score",9,82.79
"SP","score",10,82.79
"SP","score",11,82.79
"SP","score",12,82.79
"SP","score",13,82.79
"SP","score",14,82.79
"SP","score",15,82.79
"SP","score",16,82.79
"SP","score",17,82.79
"SP","score",18,82.79
"SP","score",19,82.79
"SP","status",0,80.3
"SP","status",1,80.3
"SP","status",2,80.3
"SP","status",3,80.3
"SP","status",4,80.3
"SP","status",5,80.3
"SP","status",6,80.3
"SP","status",7,80.3
"SP","status",8,80.3
"SP","status",9,80.3
"SP","status",10,80.3
"SP","status",11,80.3
"SP","status",12,80.3
"SP","status",13,80.3
"SP","status",14,80.3
"SP","status",15,80.3
"SP","status",16,80.3
"SP","status",17,80.3
"SP","status",18,80.3
"SP","status",19,80.3
"SP","trend",1,0
"SP","trend",2,0
"SP","trend",3,0
"SP","trend",4,0
"SP","trend",5,0
"SP","trend",6,0
"SP","trend",7,0
"SP","trend",8,0
"SP","trend",9,0
"SP","trend",10,0
"SP","trend",11,0
"SP","trend",12,0
"SP","trend",13,0
"SP","trend",14,0
"SP","trend",15,0
"SP","trend",16,0
"SP","trend",17,0
"SP","trend",18,0
"SP","trend",19,0
"SPP","future",0,86.78
"SPP","future",1,86.78
"SPP","future",2,86.78
"SPP","future",3,86.78
"SPP","future",4,86.78
"SPP","future",5,86.78
"SPP","future",6,86.78
"SPP","future",7,86.78
"SPP","future",8,86.78
"SPP","future",9,86.78
"SPP","future",10,86.78
"SPP","future",11,86.78
"SPP","future",12,86.78
"SPP","future",13,86.78
"SPP","future",14,86.78
"SPP","future",15,86.78
"SPP","future",16,86.78
"SPP","future",17,86.78
"SPP","future",18,86.78
"SPP","future",19,86.78
"SPP","pressures",1,40.23
"SPP","pressures",2,40.23
"SPP","pressures",3,40.23
"SPP","pressures",4,40.23
"SPP","pressures",5,40.23
"SPP","pressures",6,40.23
"SPP","pressures",7,40.23
"SPP","pressures",8,40.23
"SPP","pressures",9,40.23
"SPP","pressures",10,40.23
"SPP","pressures",11,40.23
"SPP","pressures",12,40.23
"SPP","pressures",13,40.23
"SPP","pressures",14,40.23
"SPP","pressures",15,40.23
"SPP","pressures",16,40.23
"SPP","pressures",17,40.23
"SPP","pressures",18,40.23
"SPP","pressures",19,40.23
"SPP","resilience",1,55.18
"SPP","resilience",2,55.18
"SPP","resilience",3,55.18
"SPP","resilience",4,55.18
"SPP","resilience",5,55.18
"SPP","resilience",6,55.18
"SPP","resilience",7,55.18
"SPP","resilience",8,55.18
"SPP","resilience",9,55.18
"SPP","resilience",10,55.18
"SPP","resilience",11,55.18
"SPP","resilience",12,55.18
"SPP","resilience",13,55.18
"SPP","resilience",14,55.18
"SPP","resilience",15,55.18
"SPP","resilience",16,55.18
"SPP","resilience",17,55.18
"SPP","resilience",18,55.18
"SPP","resilience",19,55.18
"SPP","score",0,85.82
"SPP","score",1,85.82
"SPP","score",2,85.82
"SPP","score",3,85.82
"SPP","score",4,85.82
"SPP","score",5,85.82
"SPP","score",6,85.82
"SPP","score",7,85.82
"SPP","score",8,85.82
"SPP","score",9,85.82
"SPP","score",10,85.82
"SPP","score",11,85.82
"SPP","score",12,85.82
"SPP","score",13,85.82
"SPP","score",14,85.82
"SPP","score",15,85.82
"SPP","score",16,85.82
"SPP","score",17,85.82
"SPP","score",18,85.82
"SPP","score",19,85.82
"SPP","status",0,84.86
"SPP","status",1,84.86
"SPP","status",2,84.86
"SPP","status",3,84.86
"SPP","status",4,84.86
"SPP","status",5,84.86
"SPP","status",6,84.86
"SPP","status",7,84.86
"SPP","status",8,84.86
"SPP","status",9,84.86
"SPP","status",10,84.86
"SPP","status",11,84.86
"SPP","status",12,84.86
"SPP","status",13,84.86
"SPP","status",14,84.86
"SPP","status",15,84.86
"SPP","status",16,84.86
"SPP","status",17,84.86
"SPP","status",18,84.86
"SPP","status",19,84.86
"SPP","trend",1,-0.04
"SPP","trend",2,-0.04
"SPP","trend",3,-0.04
"SPP","trend",4,-0.04
"SPP","trend",5,-0.04
"SPP","trend",6,-0.04
"SPP","trend",7,-0.04
"SPP","trend",8,-0.04
"SPP","trend",9,-0.04
"SPP","trend",10,-0.04
"SPP","trend",11,-0.04
"SPP","trend",12,-0.04
"SPP","trend",13,-0.04
"SPP","trend",14,-0.04
"SPP","trend",15,-0.04
"SPP","trend",16,-0.04
"SPP","trend",17,-0.04
"SPP","trend",18,-0.04
"SPP","trend",19,-0.04
"TR","future",0,100
"TR","future",1,100
"TR","future",2,100
"TR","future",3,100
"TR","future",4,100
"TR","future",5,100
"TR","future",6,100
"TR","future",7,100
"TR","future",8,100
"TR","future",9,100
"TR","future",10,100
"TR","future",11,100
"TR","future",12,100
"TR","future",13,100
"TR","future",14,100
"TR","future",15,100
"TR","future",16,100
"TR","future",17,100
"TR","future",18,100
"TR","future",19,100
"TR","pressures",1,56.03
"TR","pressures",2,56.03
"TR","pressures",3,56.03
"TR","pressures",4,56.03
"TR","pressures",5,56.03
"TR","pressures",6,56.03
"TR","pressures",7,56.03
"TR","pressures",8,56.03
"TR","pressures",9,56.03
"TR","pressures",10,56.03
"TR","pressures",11,56.03
"TR","pressures",12,56.03
"TR","pressures",13,56.03
"TR","pressures",14,56.03
"TR","pressures",15,56.03
"TR","pressures",16,56.03
"TR","pressures",17,56.03
"TR","pressures",18,56.03
"TR","pressures",19,56.03
"TR","resilience",1,67.66
"TR","resilience",2,67.66
"TR","resilience",3,67.66
"TR","resilience",4,67.66
"TR","resilience",5,67.66
"TR","resilience",6,67.66
"TR","resilience",7,67.66
"TR","resilience",8,67.66
"TR","resilience",9,67.66
"TR","resilience",10,67.66
"TR","resilience",11,67.66
"TR","resilience",12,67.66
"TR","resilience",13,67.66
"TR","resilience",14,67.66
"TR","resilience",15,67.66
"TR","resilience",16,67.66
"TR","resilience",17,67.66
"TR","resilience",18,67.66
"TR","resilience",19,67.66
"TR","score",0,100
"TR","score",1,100
"TR","score",2,100
"TR","score",3,100
"TR","score",4,100
"TR","score",5,100
"TR","score",6,100
"TR","score",7,100
"TR","score",8,100
"TR","score",9,100
"TR","score",10,100
"TR","score",11,100
"TR","score",12,100
"TR","score",13,100
"TR","score",14,100
"TR","score",15,100
"TR","score",16,100
"TR","score",17,100
"TR","score",18,100
"TR","score",19,100
"TR","status",0,100
"TR","status",1,100
"TR","status",2,100
"TR","status",3,100
"TR","status",4,100
"TR","status",5,100
"TR","status",6,100
"TR","status",7,100
"TR","status",8,100
"TR","status",9,100
"TR","status",10,100
"TR","status",11,100
"TR","status",12,100
"TR","status",13,100
"TR","status",14,100
"TR","status",15,100
"TR","status",16,100
"TR","status",17,100
"TR","status",18,100
"TR","status",19,100
"TR","trend",1,-0.05
"TR","trend",2,-0.05
"TR","trend",3,-0.05
"TR","trend",4,-0.05
"TR","trend",5,-0.05
"TR","trend",6,-0.05
"TR","trend",7,-0.05
"TR","trend",8,-0.05
"TR","trend",9,-0.05
"TR","trend",10,-0.05
"TR","trend",11,-0.05
"TR","trend",12,-0.05
"TR","trend",13,-0.05
"TR","trend",14,-0.05
"TR","trend",15,-0.05
"TR","trend",16,-0.05
"TR","trend",17,-0.05
"TR","trend",18,-0.05
"TR","trend",19,-0.05
